sneg_g,epiweek,phec_name,ct_mean,ssd,count,se,gene,Date
S+,5,East Midlands,20.960353123030885,5.111709755451672,174,0.38751771649511074,ORF1ab  (Ct<=30),2021-02-06
S-,5,East Midlands,19.757371919780734,4.520531752623727,3135,0.0807366548766003,ORF1ab  (Ct<=30),2021-02-06
S+,5,East Midlands,21.94585095843677,4.703803768245444,164,0.36730536483634596, N  (Ct<=30),2021-02-06
S-,5,East Midlands,19.587218143157944,4.702268579447556,3142,0.08388886929286149, N  (Ct<=30),2021-02-06
S+,5,East Midlands,23.731657298982466,1.7741314704397284,195,0.127048193448334,MS2 control,2021-02-06
S-,5,East Midlands,24.034300781178853,1.762883393610197,3488,0.02984938231935591,MS2 control,2021-02-06
S+,5,East of England,22.507352300564072,4.672739359795253,97,0.4744447989637033,ORF1ab  (Ct<=30),2021-02-06
S-,5,East of England,19.98368901874898,4.387514640892064,3100,0.0788020892224316,ORF1ab  (Ct<=30),2021-02-06
S+,5,East of England,23.0930516026355,4.289549066674678,92,0.4472164051033713, N  (Ct<=30),2021-02-06
S-,5,East of England,19.80229535774767,4.559002662382953,3111,0.08173721578784801, N  (Ct<=30),2021-02-06
S+,5,East of England,23.98622408880799,1.3239016187412087,108,0.12739249266013636,MS2 control,2021-02-06
S-,5,East of England,24.294677209546684,1.7024911897081136,3526,0.028671057991879603,MS2 control,2021-02-06
S+,5,London,22.25730162751022,4.6344567882808265,137,0.3959483646425149,ORF1ab  (Ct<=30),2021-02-06
S-,5,London,20.214334785699144,4.446204042045741,4802,0.06416206180958328,ORF1ab  (Ct<=30),2021-02-06
S+,5,London,22.822331482102197,4.443306850244467,133,0.3852835667501793, N  (Ct<=30),2021-02-06
S-,5,London,20.048596635536686,4.6406999736832475,4823,0.06682282943765745, N  (Ct<=30),2021-02-06
S+,5,London,24.056517458653612,1.5523892167565898,158,0.12350145492665612,MS2 control,2021-02-06
S-,5,London,24.198263735748455,1.657620593244687,5575,0.02220049702974035,MS2 control,2021-02-06
S+,5,North East,20.3211766554198,5.044454282689001,205,0.3523199696654594,ORF1ab  (Ct<=30),2021-02-06
S-,5,North East,18.729016742926103,4.544944139710064,3986,0.07198796596392967,ORF1ab  (Ct<=30),2021-02-06
S+,5,North East,21.579994714728887,4.8105308946305465,196,0.3436093496164676, N  (Ct<=30),2021-02-06
S-,5,North East,18.776360973894487,4.674453819402432,3995,0.073955841287265, N  (Ct<=30),2021-02-06
S+,5,North East,21.73560309569729,1.0781349073807744,231,0.07093606897064741,MS2 control,2021-02-06
S-,5,North East,22.049731235727453,1.3850770607203868,4472,0.020712047776761437,MS2 control,2021-02-06
S+,5,North West,20.869486344296853,4.671718751900917,763,0.16912757442538062,ORF1ab  (Ct<=30),2021-02-06
S-,5,North West,19.733291463641216,4.44477537486299,11688,0.04111305190208242,ORF1ab  (Ct<=30),2021-02-06
S+,5,North West,22.16943593764671,4.331025155998947,731,0.1601887519593785, N  (Ct<=30),2021-02-06
S-,5,North West,19.730253117843425,4.5272279964196045,11683,0.04188467773353849, N  (Ct<=30),2021-02-06
S+,5,North West,23.66224163785139,1.4838469942624448,887,0.04982270598830816,MS2 control,2021-02-06
S-,5,North West,23.935044567305805,1.6531970757275338,12967,0.014517935847177078,MS2 control,2021-02-06
S+,5,South East,21.822427456477296,4.4110347999416915,200,0.3119072619088616,ORF1ab  (Ct<=30),2021-02-06
S-,5,South East,19.875020069065727,4.488929407280771,5153,0.06253349534981752,ORF1ab  (Ct<=30),2021-02-06
S+,5,South East,22.817237882712178,4.111217180282502,198,0.2921714826432407, N  (Ct<=30),2021-02-06
S-,5,South East,19.713558692745853,4.593511765344682,5131,0.06412742859114148, N  (Ct<=30),2021-02-06
S+,5,South East,23.874183278694648,1.5979597706992157,239,0.10336342491388938,MS2 control,2021-02-06
S-,5,South East,24.295497210715375,1.6487472138982973,5954,0.021367300585692802,MS2 control,2021-02-06
S+,5,South West,21.325578157088955,4.599519396301803,90,0.4848319144812114,ORF1ab  (Ct<=30),2021-02-06
S-,5,South West,19.94457720480497,4.521108595181717,1434,0.11939066276408829,ORF1ab  (Ct<=30),2021-02-06
S+,5,South West,22.575527005306622,4.268615957560206,87,0.4576436674508933, N  (Ct<=30),2021-02-06
S-,5,South West,19.87631393437836,4.588524159956759,1433,0.12121320303796768, N  (Ct<=30),2021-02-06
S+,5,South West,24.21664404116558,1.269842471937174,112,0.11998883517761709,MS2 control,2021-02-06
S-,5,South West,24.390057919111097,1.5050721171267232,1618,0.03741692138628444,MS2 control,2021-02-06
S+,5,West Midlands,21.615752425385942,4.558175032599119,265,0.28000646642000754,ORF1ab  (Ct<=30),2021-02-06
S-,5,West Midlands,20.045685721082464,4.502482281418811,5604,0.06014547361918024,ORF1ab  (Ct<=30),2021-02-06
S+,5,West Midlands,22.79280278539287,4.27536073216549,255,0.267733474363362, N  (Ct<=30),2021-02-06
S-,5,West Midlands,19.95875026320613,4.630468195233164,5598,0.06188828649134599, N  (Ct<=30),2021-02-06
S+,5,West Midlands,23.883339921478985,1.4583271198666135,302,0.0839172958622316,MS2 control,2021-02-06
S-,5,West Midlands,24.256121584897926,1.658551322360744,6264,0.02095574187761472,MS2 control,2021-02-06
S+,5,Yorkshire and Humber,20.451786770376568,4.60999158026811,647,0.1812374703664413,ORF1ab  (Ct<=30),2021-02-06
S-,5,Yorkshire and Humber,19.22683122311254,4.52332910873952,6779,0.054938319456256754,ORF1ab  (Ct<=30),2021-02-06
S+,5,Yorkshire and Humber,21.73451079472214,4.403857546641396,629,0.17559329947955035, N  (Ct<=30),2021-02-06
S-,5,Yorkshire and Humber,19.13196944913936,4.6707553307389675,6804,0.05662457633790957, N  (Ct<=30),2021-02-06
S+,5,Yorkshire and Humber,22.421284341281602,1.554646356643508,731,0.057500672621117174,MS2 control,2021-02-06
S-,5,Yorkshire and Humber,22.630006564368077,1.7296317293574108,7547,0.01990978034232012,MS2 control,2021-02-06
S+,6,East Midlands,19.98295434215846,4.493274837080838,76,0.5154139721155147,ORF1ab  (Ct<=30),2021-02-13
S-,6,East Midlands,20.009880513893172,4.445359279733364,2487,0.08913924972051562,ORF1ab  (Ct<=30),2021-02-13
S+,6,East Midlands,21.426455974647883,4.232692147730106,76,0.48552308765983315, N  (Ct<=30),2021-02-13
S-,6,East Midlands,19.80945063282969,4.654854691348785,2498,0.09313435502271497, N  (Ct<=30),2021-02-13
S+,6,East Midlands,24.00261865862765,1.7044421195689627,83,0.18708682794974651,MS2 control,2021-02-13
S-,6,East Midlands,24.25924409408847,1.7400142496667168,2738,0.03325340203515021,MS2 control,2021-02-13
S+,6,East of England,21.264707941880882,5.0701183163907055,34,0.869518117766125,ORF1ab  (Ct<=30),2021-02-13
S-,6,East of England,20.124555241548336,4.421112735601045,1985,0.09923190613106712,ORF1ab  (Ct<=30),2021-02-13
S+,6,East of England,21.94116361449197,4.592630857435688,33,0.7994744143322113, N  (Ct<=30),2021-02-13
S-,6,East of England,19.916950809169517,4.603872964250752,1988,0.1032559630184753, N  (Ct<=30),2021-02-13
S+,6,East of England,24.653306716064304,2.1026608303555427,33,0.3660262686181541,MS2 control,2021-02-13
S-,6,East of England,24.460332373927486,1.7351910222622395,2243,0.03663807566427852,MS2 control,2021-02-13
S+,6,London,22.087863287475365,4.56109677873769,66,0.561432202995854,ORF1ab  (Ct<=30),2021-02-13
S-,6,London,20.337367158703458,4.45329729595107,2258,0.09371728967261404,ORF1ab  (Ct<=30),2021-02-13
S+,6,London,22.724177708326533,4.289219614076861,64,0.5361524517596076, N  (Ct<=30),2021-02-13
S-,6,London,20.13157327556731,4.605893381015361,2265,0.09677869850566714, N  (Ct<=30),2021-02-13
S+,6,London,24.055903885331222,1.63808745855644,72,0.19305045835364942,MS2 control,2021-02-13
S-,6,London,24.364297085108703,1.6503766724255373,2625,0.032212054300252785,MS2 control,2021-02-13
S+,6,North East,20.64907962247934,4.607050286548904,149,0.37742426541772545,ORF1ab  (Ct<=30),2021-02-13
S-,6,North East,18.789560365435648,4.391306524934599,3227,0.07730263010395909,ORF1ab  (Ct<=30),2021-02-13
S+,6,North East,21.91767110526182,4.2885352317684795,146,0.35492170112903143, N  (Ct<=30),2021-02-13
S-,6,North East,18.88823301558162,4.588289424309791,3244,0.08055831656525418, N  (Ct<=30),2021-02-13
S+,6,North East,21.883003612546045,1.0674760509721473,154,0.08601967154204836,MS2 control,2021-02-13
S-,6,North East,22.333582416374888,1.4160605822367651,3560,0.023733229280246362,MS2 control,2021-02-13
S+,6,North West,20.941507198243304,4.439912268265792,348,0.2380042798193931,ORF1ab  (Ct<=30),2021-02-13
S-,6,North West,19.990613638792567,4.3803538115152465,9078,0.045974191628416206,ORF1ab  (Ct<=30),2021-02-13
S+,6,North West,22.249232803926432,4.211413424748812,338,0.22907069161691904, N  (Ct<=30),2021-02-13
S-,6,North West,19.963455311699988,4.489343375194134,9102,0.04705593517274164, N  (Ct<=30),2021-02-13
S+,6,North West,23.704898760679416,1.3050094611100185,402,0.06508795605830171,MS2 control,2021-02-13
S-,6,North West,24.051310240670624,1.4684286083522213,10067,0.014635339544632824,MS2 control,2021-02-13
S+,6,South East,20.842916597735726,4.477695528595393,84,0.4885566356846117,ORF1ab  (Ct<=30),2021-02-13
S-,6,South East,20.131147739314418,4.388657173988926,3252,0.07695846348338427,ORF1ab  (Ct<=30),2021-02-13
S+,6,South East,21.632246419312555,4.108499773814057,81,0.4564999748682286, N  (Ct<=30),2021-02-13
S-,6,South East,19.95428067266059,4.571253279767023,3249,0.08019742596082496, N  (Ct<=30),2021-02-13
S+,6,South East,24.2339292593866,1.7478833826964293,80,0.19541930302257476,MS2 control,2021-02-13
S-,6,South East,24.475246373977768,1.8208089203551996,3665,0.030076506014443456,MS2 control,2021-02-13
S+,6,South West,22.694433231177,4.849854761438005,53,0.666178785100359,ORF1ab  (Ct<=30),2021-02-13
S-,6,South West,19.802286185308212,4.496307011973765,1526,0.11510089239372792,ORF1ab  (Ct<=30),2021-02-13
S+,6,South West,23.29260804007302,4.313903346432743,48,0.6226583145802429, N  (Ct<=30),2021-02-13
S-,6,South West,19.696517570262934,4.6467089518663345,1532,0.11871786794451626, N  (Ct<=30),2021-02-13
S+,6,South West,24.054080089213898,1.270678901020682,59,0.16542830233019268,MS2 control,2021-02-13
S-,6,South West,24.388666549051994,1.5472298831031346,1750,0.036985868430039516,MS2 control,2021-02-13
S+,6,West Midlands,21.611051197258817,4.905195127731401,98,0.49549953398029817,ORF1ab  (Ct<=30),2021-02-13
S-,6,West Midlands,20.159722766825983,4.517506683614487,2860,0.08447258552376903,ORF1ab  (Ct<=30),2021-02-13
S+,6,West Midlands,22.363784918450346,4.4389621009136855,90,0.46790768953511475, N  (Ct<=30),2021-02-13
S-,6,West Midlands,20.01101274248098,4.668428465436713,2863,0.08724891490987939, N  (Ct<=30),2021-02-13
S+,6,West Midlands,23.935302495254973,1.448455430212562,117,0.13390975189373447,MS2 control,2021-02-13
S-,6,West Midlands,24.411796961733366,1.716946090570406,3230,0.03021032504452188,MS2 control,2021-02-13
S+,6,Yorkshire and Humber,20.235764362223883,4.646144082712139,328,0.2565403907087598,ORF1ab  (Ct<=30),2021-02-13
S-,6,Yorkshire and Humber,19.21666439603152,4.3950291698495425,6041,0.05654671027224779,ORF1ab  (Ct<=30),2021-02-13
S+,6,Yorkshire and Humber,21.4111799130031,4.2967178647069675,315,0.24209262564834133, N  (Ct<=30),2021-02-13
S-,6,Yorkshire and Humber,19.114194952345926,4.567450790082145,6063,0.05865838380320772, N  (Ct<=30),2021-02-13
S+,6,Yorkshire and Humber,22.440625588617372,1.4843122380643656,358,0.07844833940560002,MS2 control,2021-02-13
S-,6,Yorkshire and Humber,22.762842903572427,1.6621761834734916,6685,0.020329483711816334,MS2 control,2021-02-13
S+,7,East Midlands,20.98263665429983,3.842381191252594,66,0.47296442974222636,ORF1ab  (Ct<=30),2021-02-20
S-,7,East Midlands,19.745191783649492,4.363277038515092,2489,0.08745816083981033,ORF1ab  (Ct<=30),2021-02-20
S+,7,East Midlands,21.961467074975015,3.8691847831416855,66,0.4762637238314562, N  (Ct<=30),2021-02-20
S-,7,East Midlands,19.49295177154985,4.580149123920033,2499,0.09162130857290798, N  (Ct<=30),2021-02-20
S+,7,East Midlands,24.222412998512315,2.1069775846784453,70,0.2518319888433958,MS2 control,2021-02-20
S-,7,East Midlands,24.376869496424675,1.766421671704491,2697,0.03401370267546527,MS2 control,2021-02-20
S+,7,East of England,22.44265474846303,4.023839504336287,31,0.7227029094835871,ORF1ab  (Ct<=30),2021-02-20
S-,7,East of England,20.161566681041336,4.345840683468143,1820,0.10186807684582792,ORF1ab  (Ct<=30),2021-02-20
S+,7,East of England,22.671647247008714,3.258700704020811,28,0.6158365471450118, N  (Ct<=30),2021-02-20
S-,7,East of England,19.920209031887484,4.580863349761462,1827,0.10717119245982559, N  (Ct<=30),2021-02-20
S+,7,East of England,24.717330386801695,2.0761497014496073,36,0.34602495024160124,MS2 control,2021-02-20
S-,7,East of England,24.62138026793699,1.7519467171834027,1997,0.039204133660482206,MS2 control,2021-02-20
S+,7,London,22.714089882421288,4.354145196758657,52,0.6038112987587916,ORF1ab  (Ct<=30),2021-02-20
S-,7,London,20.42264803353454,4.508221976295221,1911,0.1031276088582393,ORF1ab  (Ct<=30),2021-02-20
S+,7,London,22.965423399920162,4.193713528287453,49,0.5991019326124932, N  (Ct<=30),2021-02-20
S-,7,London,20.043939565497933,4.70112159648168,1907,0.10765300026533488, N  (Ct<=30),2021-02-20
S+,7,London,24.652221314954428,1.9897307335516234,56,0.26588895346016306,MS2 control,2021-02-20
S-,7,London,24.510053834717258,1.6866724057032023,2205,0.035919182427861567,MS2 control,2021-02-20
S+,7,North East,21.720175130983424,4.471537061275558,78,0.506301872180873,ORF1ab  (Ct<=30),2021-02-20
S-,7,North East,18.90722530021628,4.400403030897112,3000,0.08034000007121503,ORF1ab  (Ct<=30),2021-02-20
S+,7,North East,22.81449908168862,4.097587262566513,76,0.4700254944701814, N  (Ct<=30),2021-02-20
S-,7,North East,18.87907819757577,4.493753881264179,2992,0.08215395735456894, N  (Ct<=30),2021-02-20
S+,7,North East,22.479634081095544,1.3982875891420161,79,0.15731964485587016,MS2 control,2021-02-20
S-,7,North East,22.869203568235296,1.5995414184773584,3318,0.027768811941527676,MS2 control,2021-02-20
S+,7,North West,21.557165106593082,4.594757193138515,156,0.3678749932599573,ORF1ab  (Ct<=30),2021-02-20
S-,7,North West,19.76028247643757,4.321094358067662,7661,0.04936862354679466,ORF1ab  (Ct<=30),2021-02-20
S+,7,North West,22.55788200409712,4.243620588127363,149,0.34765094443657196, N  (Ct<=30),2021-02-20
S-,7,North West,19.688391630118932,4.418553387346687,7691,0.05038354265056377, N  (Ct<=30),2021-02-20
S+,7,North West,23.84731659471609,1.4340281585082706,175,0.10840233944219421,MS2 control,2021-02-20
S-,7,North West,24.304480730504466,1.523378050244024,8361,0.016660137522562513,MS2 control,2021-02-20
S+,7,South East,22.043406384727668,5.10070313403618,63,0.6426281906774994,ORF1ab  (Ct<=30),2021-02-20
S-,7,South East,20.014050653069823,4.371190221431596,2869,0.08160831896701183,ORF1ab  (Ct<=30),2021-02-20
S+,7,South East,22.947617238371873,5.082964896104971,63,0.6403933827602389, N  (Ct<=30),2021-02-20
S-,7,South East,19.728655536935598,4.545990474932645,2855,0.08507960503997263, N  (Ct<=30),2021-02-20
S+,7,South East,24.371257639822954,1.3661369348238286,63,0.17211707554304312,MS2 control,2021-02-20
S-,7,South East,24.57096310291988,1.687610260732314,3171,0.029969123141805054,MS2 control,2021-02-20
S+,7,South West,20.217709579087195,6.36729351358304,31,1.1435996746002068,ORF1ab  (Ct<=30),2021-02-20
S-,7,South West,19.826201843204153,4.546531376561267,1174,0.13269242899972386,ORF1ab  (Ct<=30),2021-02-20
S+,7,South West,21.034687843575725,4.8423068526859225,29,0.899193808566568, N  (Ct<=30),2021-02-20
S-,7,South West,19.554314452888327,4.677718393940625,1167,0.1369300116231941, N  (Ct<=30),2021-02-20
S+,7,South West,23.98684951821764,4.355855953133565,36,0.7259759921889275,MS2 control,2021-02-20
S-,7,South West,24.431331963035245,1.7072951837277888,1351,0.04644948900847948,MS2 control,2021-02-20
S+,7,West Midlands,20.8387287137425,4.708654526201297,56,0.6292204282045584,ORF1ab  (Ct<=30),2021-02-20
S-,7,West Midlands,19.74575506109866,4.411134917899058,2695,0.08497104442726712,ORF1ab  (Ct<=30),2021-02-20
S+,7,West Midlands,21.779494473500254,4.412468522416424,55,0.5949771341873077, N  (Ct<=30),2021-02-20
S-,7,West Midlands,19.5526673610211,4.612279715942881,2709,0.08861579440136957, N  (Ct<=30),2021-02-20
S+,7,West Midlands,24.552611553950015,1.7933352762190076,60,0.23151858863208313,MS2 control,2021-02-20
S-,7,West Midlands,24.38136672967266,1.741807444031097,2998,0.03181151320317166,MS2 control,2021-02-20
S+,7,Yorkshire and Humber,21.648349736232458,4.889400967525298,179,0.36545098656636765,ORF1ab  (Ct<=30),2021-02-20
S-,7,Yorkshire and Humber,19.208067476742446,4.401696340673011,6303,0.055442962124174766,ORF1ab  (Ct<=30),2021-02-20
S+,7,Yorkshire and Humber,22.59472451297303,4.489821468868322,173,0.34135480517950545, N  (Ct<=30),2021-02-20
S-,7,Yorkshire and Humber,19.082399090483406,4.563016238829993,6330,0.05735221023027779, N  (Ct<=30),2021-02-20
S+,7,Yorkshire and Humber,22.93947865560074,1.4971066397562192,194,0.10748599263337645,MS2 control,2021-02-20
S-,7,Yorkshire and Humber,23.267880202071378,1.6818893053913204,6870,0.020291728388392924,MS2 control,2021-02-20
S+,8,East Midlands,22.805702517428102,4.351217565492584,29,0.8080008173060739,ORF1ab  (Ct<=30),2021-02-27
S-,8,East Midlands,19.80082985579403,4.440260242316429,1848,0.10328980113838812,ORF1ab  (Ct<=30),2021-02-27
S+,8,East Midlands,23.711802592924105,4.0349095274932685,29,0.7492638892216711, N  (Ct<=30),2021-02-27
S-,8,East Midlands,19.583032554353082,4.644196112826641,1855,0.1078297488428978, N  (Ct<=30),2021-02-27
S+,8,East Midlands,23.356208874177117,1.5825081494934532,34,0.2713979086146171,MS2 control,2021-02-27
S-,8,East Midlands,23.61171738531196,1.590854917785196,2039,0.03523075594580216,MS2 control,2021-02-27
S+,8,East of England,23.86491276920323,3.6113916503400394,13,1.001619828544887,ORF1ab  (Ct<=30),2021-02-27
S-,8,East of England,19.694645066128118,4.307369342129736,1359,0.11684291527633,ORF1ab  (Ct<=30),2021-02-27
S+,8,East of England,24.635328385104692,3.747801997371486,13,1.0394532516776345, N  (Ct<=30),2021-02-27
S-,8,East of England,19.53862371925599,4.593987687198635,1372,0.12402600965735075, N  (Ct<=30),2021-02-27
S+,8,East of England,23.009421576053047,1.2198818383261416,21,0.26620004109673456,MS2 control,2021-02-27
S-,8,East of England,23.688827447924783,1.6166804064071603,1513,0.04156279171680676,MS2 control,2021-02-27
S+,8,London,22.45361497309086,4.5518272310648085,29,0.8452530969960933,ORF1ab  (Ct<=30),2021-02-27
S-,8,London,20.21195487340577,4.534691307653853,1204,0.1306876308489184,ORF1ab  (Ct<=30),2021-02-27
S+,8,London,23.797190297200366,4.430106441325238,30,0.8088230766875898, N  (Ct<=30),2021-02-27
S-,8,London,20.100965093694565,4.73116009070433,1216,0.13567532053350592, N  (Ct<=30),2021-02-27
S+,8,London,23.140166421922714,1.273046133452493,35,0.21518407123061226,MS2 control,2021-02-27
S-,8,London,23.510773267072906,1.5157250169849417,1380,0.040801945882074905,MS2 control,2021-02-27
S+,8,North East,21.082226982648038,5.367014275968522,27,1.0328823789916635,ORF1ab  (Ct<=30),2021-02-27
S-,8,North East,19.077792111203614,4.45038863450105,2204,0.09479646502560275,ORF1ab  (Ct<=30),2021-02-27
S+,8,North East,21.495627041736462,4.9451579386239235,26,0.969825262570833, N  (Ct<=30),2021-02-27
S-,8,North East,19.097358057929934,4.606915527343548,2203,0.0981528694498706, N  (Ct<=30),2021-02-27
S+,8,North East,23.008906372028484,1.9074330782484437,29,0.3542014305154398,MS2 control,2021-02-27
S-,8,North East,22.726849130205082,1.6011424381597543,2413,0.03259502418859387,MS2 control,2021-02-27
S+,8,North West,21.457421646046484,5.4157180386191985,62,0.6877968787018608,ORF1ab  (Ct<=30),2021-02-27
S-,8,North West,19.9042938645721,4.399709520171531,5840,0.05757283038264225,ORF1ab  (Ct<=30),2021-02-27
S+,8,North West,22.145866245016723,4.955522415721894,58,0.6506919713648369, N  (Ct<=30),2021-02-27
S-,8,North West,19.81851083830529,4.457954408262965,5852,0.058275158563754745, N  (Ct<=30),2021-02-27
S+,8,North West,23.969494043147417,1.4138116931888698,77,0.16111879556118036,MS2 control,2021-02-27
S-,8,North West,24.198253038134393,1.4548024465774942,6252,0.018399013500390884,MS2 control,2021-02-27
S+,8,South East,22.412300375205067,4.4554686736789115,60,0.5751985324235758,ORF1ab  (Ct<=30),2021-02-27
S-,8,South East,20.165834444790118,4.315458052587844,2194,0.09213159459060351,ORF1ab  (Ct<=30),2021-02-27
S+,8,South East,23.089979674511213,3.967203556533836,56,0.53013987471931, N  (Ct<=30),2021-02-27
S-,8,South East,19.960781897200764,4.488018883725909,2185,0.09601276016617713, N  (Ct<=30),2021-02-27
S+,8,South East,23.428039213222657,1.107707147457084,64,0.1384633934321355,MS2 control,2021-02-27
S-,8,South East,23.67982576719875,1.512858756175426,2436,0.030652065240443012,MS2 control,2021-02-27
S-,8,South West,19.731384647764674,4.459132696408649,529,0.193875334626463,ORF1ab  (Ct<=30),2021-02-27
S-,8,South West,19.652019770545124,4.515232776236076,531,0.19594441265436557, N  (Ct<=30),2021-02-27
S+,8,South West,23.748243520377144,0.8028790708926852,7,0.30345976492009175,MS2 control,2021-02-27
S-,8,South West,23.99246239395083,1.6464172432148088,607,0.0668260144616014,MS2 control,2021-02-27
S+,8,West Midlands,21.38144068199153,3.907582963644269,47,0.5699795557692889,ORF1ab  (Ct<=30),2021-02-27
S-,8,West Midlands,19.693992912700796,4.451781665253952,2492,0.08917843312948415,ORF1ab  (Ct<=30),2021-02-27
S+,8,West Midlands,22.838274556458835,4.086326328029172,48,0.5898104013710744, N  (Ct<=30),2021-02-27
S-,8,West Midlands,19.565905846049972,4.598377917690693,2496,0.09204122080723645, N  (Ct<=30),2021-02-27
S+,8,West Midlands,23.54104657645351,1.6549322097734718,51,0.23173686137622568,MS2 control,2021-02-27
S-,8,West Midlands,23.46246477658511,1.6024070568522124,2847,0.030031644566940914,MS2 control,2021-02-27
S+,8,Yorkshire and Humber,21.356922787307113,4.479276251439574,79,0.5039579515399939,ORF1ab  (Ct<=30),2021-02-27
S-,8,Yorkshire and Humber,19.347330553792634,4.429529936402184,5198,0.06143834432519442,ORF1ab  (Ct<=30),2021-02-27
S+,8,Yorkshire and Humber,22.57754334381779,4.072202722218995,77,0.4640705696845835, N  (Ct<=30),2021-02-27
S-,8,Yorkshire and Humber,19.229759253840644,4.57104604028604,5213,0.06330991539243179, N  (Ct<=30),2021-02-27
S+,8,Yorkshire and Humber,22.73438509505627,1.5228558224211806,86,0.16421376652067884,MS2 control,2021-02-27
S-,8,Yorkshire and Humber,23.097489827125603,1.6726850151311745,5707,0.02214166267098536,MS2 control,2021-02-27
S+,9,East Midlands,20.604234649628832,4.62677830920668,24,0.9444371675444548,ORF1ab  (Ct<=30),2021-03-06
S-,9,East Midlands,19.90100941645225,4.480835117851497,1322,0.12323760107506841,ORF1ab  (Ct<=30),2021-03-06
S+,9,East Midlands,21.798032531660667,4.871912792418837,24,0.9944750343970078, N  (Ct<=30),2021-03-06
S-,9,East Midlands,19.71144730139403,4.633943460950317,1323,0.12740040498043675, N  (Ct<=30),2021-03-06
S+,9,East Midlands,23.81028452286392,1.777811759015493,25,0.3555623518030986,MS2 control,2021-03-06
S-,9,East Midlands,24.31187876942663,1.8307773741217988,1444,0.04817835195057365,MS2 control,2021-03-06
S+,9,East of England,22.95407633265425,4.424620127447794,20,0.9893751379587049,ORF1ab  (Ct<=30),2021-03-06
S-,9,East of England,19.969430454645263,4.482092534264121,1089,0.13582098588679153,ORF1ab  (Ct<=30),2021-03-06
S+,9,East of England,22.834083925068498,4.0589300429964075,18,0.9566989859215216, N  (Ct<=30),2021-03-06
S-,9,East of England,19.71142378951647,4.645061800113752,1087,0.14088888249126524, N  (Ct<=30),2021-03-06
S+,9,East of England,24.1924350391048,2.1448688711059822,20,0.47960725986162106,MS2 control,2021-03-06
S-,9,East of England,24.32662948856299,1.7463524958141579,1195,0.05051821030992129,MS2 control,2021-03-06
S+,9,London,22.450365859178422,4.701102120157306,38,0.762619466812759,ORF1ab  (Ct<=30),2021-03-06
S-,9,London,20.481264419271355,4.561561894150979,1004,0.14396161684861558,ORF1ab  (Ct<=30),2021-03-06
S+,9,London,22.859948770652583,4.372328462275842,36,0.728721410379307, N  (Ct<=30),2021-03-06
S-,9,London,20.356745066847093,4.758101130627286,1006,0.15001499716041203, N  (Ct<=30),2021-03-06
S+,9,London,23.532115859886417,1.4087914170870834,43,0.2148386770026244,MS2 control,2021-03-06
S-,9,London,24.024761693765676,1.7358318553938181,1163,0.05090000169097214,MS2 control,2021-03-06
S+,9,North East,23.654497658283,3.1198976259927993,9,1.039965875330933,ORF1ab  (Ct<=30),2021-03-06
S-,9,North East,19.094674604320375,4.4872739561115855,1583,0.11278260652379099,ORF1ab  (Ct<=30),2021-03-06
S+,9,North East,24.601057115046444,2.4805617428328786,9,0.8268539142776262, N  (Ct<=30),2021-03-06
S-,9,North East,19.105861526891953,4.595542774753481,1585,0.11543092597594866, N  (Ct<=30),2021-03-06
S+,9,North East,22.366115048572112,1.127334584456484,9,0.37577819481882796,MS2 control,2021-03-06
S-,9,North East,22.678254654769717,1.4437509156980366,1753,0.034482704036710256,MS2 control,2021-03-06
S+,9,North West,22.40432434086173,4.455456076838602,52,0.6178605900238155,ORF1ab  (Ct<=30),2021-03-06
S-,9,North West,19.890926355558758,4.37752212257145,3511,0.07387762660115334,ORF1ab  (Ct<=30),2021-03-06
S+,9,North West,23.201994410395166,3.9740412548692023,48,0.5736034470673531, N  (Ct<=30),2021-03-06
S-,9,North West,19.906438119689867,4.458488488469407,3544,0.07489292507470614, N  (Ct<=30),2021-03-06
S+,9,North West,23.314952917252583,0.834769479088377,60,0.10776827634771748,MS2 control,2021-03-06
S-,9,North West,23.882407712676738,1.3298044220641974,3905,0.021280275869597416,MS2 control,2021-03-06
S+,9,South East,19.992730002696078,4.7721421280086265,26,0.9358940704751609,ORF1ab  (Ct<=30),2021-03-06
S-,9,South East,20.14919783326643,4.603119003174767,1379,0.12395671821004454,ORF1ab  (Ct<=30),2021-03-06
S+,9,South East,20.913170958361654,4.649767858705461,26,0.9118945017390648, N  (Ct<=30),2021-03-06
S-,9,South East,19.99562488913417,4.693557331882727,1378,0.12643797112646293, N  (Ct<=30),2021-03-06
S+,9,South East,24.24481419935759,2.1672296321987066,27,0.4170835371818856,MS2 control,2021-03-06
S-,9,South East,24.369956727099556,1.7193425105206197,1519,0.04411471869850419,MS2 control,2021-03-06
S-,9,South West,19.863370509315402,4.595336589174884,459,0.21449194350755982,ORF1ab  (Ct<=30),2021-03-06
S-,9,South West,19.677432270371803,4.602700386345565,453,0.21625372865631873, N  (Ct<=30),2021-03-06
S+,9,South West,23.696437673416668,1.2916652294483613,6,0.5273201217739069,MS2 control,2021-03-06
S-,9,South West,23.940322472076428,1.5780643587181526,553,0.06710612253885544,MS2 control,2021-03-06
S+,9,West Midlands,21.109663424388554,4.552900763837269,38,0.7385780321770161,ORF1ab  (Ct<=30),2021-03-06
S-,9,West Midlands,20.034268983003017,4.592972197143403,1507,0.11831428685332701,ORF1ab  (Ct<=30),2021-03-06
S+,9,West Midlands,22.324239959125205,4.596593784891374,39,0.7360440765665934, N  (Ct<=30),2021-03-06
S-,9,West Midlands,19.78099137082336,4.691387390129121,1498,0.12121193646211668, N  (Ct<=30),2021-03-06
S+,9,West Midlands,23.789130339502776,1.4756743745702954,40,0.2333246054193295,MS2 control,2021-03-06
S-,9,West Midlands,24.174887394588186,1.7337601621736465,1676,0.04234986326800652,MS2 control,2021-03-06
S+,9,Yorkshire and Humber,21.5934580508406,4.318949975708414,50,0.6107917630857789,ORF1ab  (Ct<=30),2021-03-06
S-,9,Yorkshire and Humber,19.332175422064665,4.431151391059385,4138,0.06888447374183174,ORF1ab  (Ct<=30),2021-03-06
S+,9,Yorkshire and Humber,22.66446275393139,4.036035286113775,49,0.5765764694448251, N  (Ct<=30),2021-03-06
S-,9,Yorkshire and Humber,19.2425579387147,4.579767974300742,4156,0.07104045042333296, N  (Ct<=30),2021-03-06
S+,9,Yorkshire and Humber,22.757314311626427,1.0379554171492595,54,0.14124784154296366,MS2 control,2021-03-06
S-,9,Yorkshire and Humber,23.012232913583038,1.4933879828052175,4551,0.022137023928940017,MS2 control,2021-03-06
S+,10,East Midlands,22.83958324192429,4.675584016547595,24,0.9543995908378591,ORF1ab  (Ct<=30),2021-03-13
S-,10,East Midlands,19.75276914975111,4.389879364452829,2145,0.09478485227708192,ORF1ab  (Ct<=30),2021-03-13
S+,10,East Midlands,23.541021586935045,4.25053972516828,22,0.9062181143038568, N  (Ct<=30),2021-03-13
S-,10,East Midlands,19.65844624595972,4.532231214588431,2152,0.09769918121688952, N  (Ct<=30),2021-03-13
S+,10,East Midlands,23.142283582135114,1.3843457607779384,26,0.27149254029869835,MS2 control,2021-03-13
S-,10,East Midlands,23.600096779833176,1.5738375722192062,2344,0.0325073154258901,MS2 control,2021-03-13
S+,10,East of England,22.010564861669284,5.06767783456729,21,1.1058579654549765,ORF1ab  (Ct<=30),2021-03-13
S-,10,East of England,19.789381661126896,4.504481519500945,1380,0.12125656641273871,ORF1ab  (Ct<=30),2021-03-13
S+,10,East of England,21.963415465457444,4.26390776721745,18,1.00501269885115, N  (Ct<=30),2021-03-13
S-,10,East of England,19.676316645097042,4.675640286423887,1383,0.12572741948990593, N  (Ct<=30),2021-03-13
S+,10,East of England,24.612576230313,1.5025823852148024,25,0.3005164770429605,MS2 control,2021-03-13
S-,10,East of England,24.31930893119028,1.7142481114402908,1485,0.04448467815957171,MS2 control,2021-03-13
S+,10,London,21.4365544842172,4.686224679876048,50,0.6627322498608222,ORF1ab  (Ct<=30),2021-03-13
S-,10,London,20.11702879402498,4.715396657349049,1182,0.13715432054728463,ORF1ab  (Ct<=30),2021-03-13
S+,10,London,21.68640835137858,4.6265350984114475,48,0.6677828211207752, N  (Ct<=30),2021-03-13
S-,10,London,19.982452684268274,4.918387555285609,1191,0.14251706378894763, N  (Ct<=30),2021-03-13
S+,10,London,24.12936589512635,1.5715946843586626,57,0.2081628011624473,MS2 control,2021-03-13
S-,10,London,23.69334075671819,1.5639830067987706,1391,0.04193420992813792,MS2 control,2021-03-13
S+,10,North East,25.1491881698045,5.5188855009495335,6,2.2530755710284476,ORF1ab  (Ct<=30),2021-03-13
S-,10,North East,19.074929449410252,4.3655288645979535,1564,0.11038714210899285,ORF1ab  (Ct<=30),2021-03-13
S-,10,North East,19.000957349957712,4.570713718411299,1574,0.1152077398165699, N  (Ct<=30),2021-03-13
S+,10,North East,23.183072919667428,1.2507289289482204,7,0.4727311005073093,MS2 control,2021-03-13
S-,10,North East,22.91696240366052,1.4863637058607029,1706,0.03598616597959389,MS2 control,2021-03-13
S+,10,North West,21.337011220763916,4.12944828476003,24,0.8429201014061068,ORF1ab  (Ct<=30),2021-03-13
S-,10,North West,19.751183201715175,4.329624002436573,3827,0.06998757589261473,ORF1ab  (Ct<=30),2021-03-13
S+,10,North West,22.568546049709457,3.919754827216088,24,0.8001166036242213, N  (Ct<=30),2021-03-13
S-,10,North West,19.68678095407535,4.416088039467186,3841,0.0712550369053698, N  (Ct<=30),2021-03-13
S+,10,North West,23.306977399097697,1.3847856950978412,33,0.2410602478036139,MS2 control,2021-03-13
S-,10,North West,23.293651549752408,1.332543560141793,4134,0.020725078234978996,MS2 control,2021-03-13
S+,10,South East,22.0121189571625,4.3307896949177636,36,0.721798282486294,ORF1ab  (Ct<=30),2021-03-13
S-,10,South East,19.766660876471985,4.465287839055621,1403,0.11921217835443657,ORF1ab  (Ct<=30),2021-03-13
S+,10,South East,22.454999339260226,3.991385047181437,31,0.7168739169041752, N  (Ct<=30),2021-03-13
S-,10,South East,19.703330191631206,4.644792619204329,1402,0.12404872977037154, N  (Ct<=30),2021-03-13
S+,10,South East,23.889681240318946,1.8727790593630627,38,0.30380488047380877,MS2 control,2021-03-13
S-,10,South East,24.140630828882347,1.6043847731390093,1515,0.04121945213741269,MS2 control,2021-03-13
S-,10,South West,19.919201801429857,4.479866816411758,318,0.251218456468469,ORF1ab  (Ct<=30),2021-03-13
S-,10,South West,19.730417588604517,4.655417716616844,316,0.26188770733611344, N  (Ct<=30),2021-03-13
S-,10,South West,23.583408961521428,1.6027719246483896,369,0.08343697364059349,MS2 control,2021-03-13
S+,10,West Midlands,21.242800468353856,5.108815187344107,42,0.7883072977444079,ORF1ab  (Ct<=30),2021-03-13
S-,10,West Midlands,20.123527387801914,4.444183949079132,2343,0.09181336023178706,ORF1ab  (Ct<=30),2021-03-13
S+,10,West Midlands,21.887647071053415,5.191019648425742,41,0.8107010665323174, N  (Ct<=30),2021-03-13
S-,10,West Midlands,20.07688283121731,4.584419797550531,2360,0.09436878811113841, N  (Ct<=30),2021-03-13
S+,10,West Midlands,24.423379224026835,2.0433559475502125,42,0.31529666787196237,MS2 control,2021-03-13
S-,10,West Midlands,23.515739490648702,1.5236200456561924,2594,0.02991518493536016,MS2 control,2021-03-13
S+,10,Yorkshire and Humber,22.416374599218173,5.002717617772927,23,1.043138732762927,ORF1ab  (Ct<=30),2021-03-13
S-,10,Yorkshire and Humber,19.38140599903843,4.3743715614379965,4408,0.06588626315673134,ORF1ab  (Ct<=30),2021-03-13
S+,10,Yorkshire and Humber,23.51145633205791,4.924720621092218,23,1.0268752347018373, N  (Ct<=30),2021-03-13
S-,10,Yorkshire and Humber,19.195809805311125,4.557784868284177,4430,0.06847814056244107, N  (Ct<=30),2021-03-13
S+,10,Yorkshire and Humber,22.840101556256464,1.4517160448086541,28,0.2743485449175713,MS2 control,2021-03-13
S-,10,Yorkshire and Humber,22.911361778482995,1.3859644325834994,4820,0.019963126841134073,MS2 control,2021-03-13
S+,11,East Midlands,20.63813087332269,5.889682051772369,13,1.6335038949111718,ORF1ab  (Ct<=30),2021-03-20
S-,11,East Midlands,19.55437469603153,4.276673074418109,2538,0.08489072516391026,ORF1ab  (Ct<=30),2021-03-20
S+,11,East Midlands,20.44540206495525,5.08299289772186,12,1.467333658894336, N  (Ct<=30),2021-03-20
S-,11,East Midlands,19.335963662398118,4.476375484146947,2560,0.08847213870027065, N  (Ct<=30),2021-03-20
S+,11,East Midlands,24.091770299615668,1.7682500470112867,18,0.4167805330250375,MS2 control,2021-03-20
S-,11,East Midlands,23.710575471549987,1.7158586348953704,2710,0.032960732843397185,MS2 control,2021-03-20
S+,11,East of England,23.55147223674943,4.951136184346459,21,1.0804264924191658,ORF1ab  (Ct<=30),2021-03-20
S-,11,East of England,19.55667587682532,4.36449555141231,1424,0.11565890079485595,ORF1ab  (Ct<=30),2021-03-20
S+,11,East of England,23.235201419478422,4.858069076019963,19,1.1145174822690016, N  (Ct<=30),2021-03-20
S-,11,East of England,19.176530312006037,4.595210591502223,1434,0.1213475028325343, N  (Ct<=30),2021-03-20
S+,11,East of England,24.46818093498548,1.282118220627555,25,0.256423644125511,MS2 control,2021-03-20
S-,11,East of England,24.452378867937302,1.64788916157215,1508,0.04243530486153741,MS2 control,2021-03-20
S+,11,London,22.17959373753606,5.147544007867719,66,0.6336188668101675,ORF1ab  (Ct<=30),2021-03-20
S-,11,London,19.960785444143944,4.489878195679737,995,0.14233870784433272,ORF1ab  (Ct<=30),2021-03-20
S+,11,London,22.303650072080018,5.032253079288859,62,0.6390967801667848, N  (Ct<=30),2021-03-20
S-,11,London,19.74946613895093,4.7833306914079685,1006,0.15081044315556127, N  (Ct<=30),2021-03-20
S+,11,London,24.002151594714284,1.3981463580954556,74,0.1625312127468671,MS2 control,2021-03-20
S-,11,London,23.855993848242345,1.8327157632166893,1130,0.054520005817000616,MS2 control,2021-03-20
S-,11,North East,18.919668111870806,4.44166338499771,1363,0.12030888841709289,ORF1ab  (Ct<=30),2021-03-20
S-,11,North East,18.82741696327356,4.572812172973981,1363,0.12386124336410835, N  (Ct<=30),2021-03-20
S-,11,North East,21.94192039242193,1.1787876634612058,1508,0.030355326700657766,MS2 control,2021-03-20
S+,11,North West,21.950310093103624,4.294600365484075,32,0.7591852602300037,ORF1ab  (Ct<=30),2021-03-20
S-,11,North West,19.571954830768682,4.290582905460161,3514,0.07237947347949376,ORF1ab  (Ct<=30),2021-03-20
S+,11,North West,23.306285594458938,4.081291594586356,33,0.7104616740572852, N  (Ct<=30),2021-03-20
S-,11,North West,19.45371785901686,4.365853210558104,3523,0.073555103023867, N  (Ct<=30),2021-03-20
S+,11,North West,22.827221899472335,1.3723356247971439,42,0.21175598417851973,MS2 control,2021-03-20
S-,11,North West,23.40339490163589,1.5995619703082156,3810,0.02591424631172091,MS2 control,2021-03-20
S+,11,South East,24.35313556570876,5.039357937645287,21,1.0996780572969562,ORF1ab  (Ct<=30),2021-03-20
S-,11,South East,19.54488219261534,4.2820156393732844,1217,0.12274475970900292,ORF1ab  (Ct<=30),2021-03-20
S+,11,South East,23.16367830965275,4.756487295173116,16,1.189121823793279, N  (Ct<=30),2021-03-20
S-,11,South East,19.21987536776168,4.418803235510735,1217,0.12666580111405507, N  (Ct<=30),2021-03-20
S+,11,South East,24.39184162480288,0.94961672034559,25,0.18992334406911798,MS2 control,2021-03-20
S-,11,South East,24.468355046726664,1.6642460955956746,1296,0.046229058210990964,MS2 control,2021-03-20
S+,11,South West,24.15947985328925,7.071576781370499,8,2.5001799478942095,ORF1ab  (Ct<=30),2021-03-20
S-,11,South West,19.634984857428577,4.552613114013037,230,0.30019041903057847,ORF1ab  (Ct<=30),2021-03-20
S-,11,South West,19.25809610041179,4.593617050973388,229,0.3035547590650871, N  (Ct<=30),2021-03-20
S+,11,South West,24.70260919920289,1.240425564905712,9,0.41347518830190405,MS2 control,2021-03-20
S-,11,South West,23.933785237215496,1.7166793601722614,270,0.10447377884109814,MS2 control,2021-03-20
S+,11,West Midlands,20.823213955836266,5.199983575243355,30,0.9493827676057158,ORF1ab  (Ct<=30),2021-03-20
S-,11,West Midlands,19.614277561705578,4.366239916705265,2601,0.08561254738637775,ORF1ab  (Ct<=30),2021-03-20
S+,11,West Midlands,21.32295726463169,4.964243398545539,29,0.9218368566861113, N  (Ct<=30),2021-03-20
S-,11,West Midlands,19.393323873132413,4.533264582406074,2605,0.08881927082078105, N  (Ct<=30),2021-03-20
S+,11,West Midlands,24.04331840468491,1.5233289072118557,34,0.26124875229351735,MS2 control,2021-03-20
S-,11,West Midlands,23.561753123038592,1.7418659354003547,2878,0.032469031254205465,MS2 control,2021-03-20
S+,11,Yorkshire and Humber,23.38376477292364,3.9868208266729104,14,1.0655226854189206,ORF1ab  (Ct<=30),2021-03-20
S-,11,Yorkshire and Humber,18.97537314609852,4.2645706860619255,4644,0.06257908542721516,ORF1ab  (Ct<=30),2021-03-20
S+,11,Yorkshire and Humber,24.08758154622893,3.6590694157544,14,0.97792743629829, N  (Ct<=30),2021-03-20
S-,11,Yorkshire and Humber,18.82488727432568,4.457678046850437,4671,0.06522344967717608, N  (Ct<=30),2021-03-20
S+,11,Yorkshire and Humber,21.8192039087801,1.0931216551786043,20,0.2444294328656444,MS2 control,2021-03-20
S-,11,Yorkshire and Humber,22.44880379061817,1.555877008468848,5021,0.02195736152298767,MS2 control,2021-03-20
S+,12,East Midlands,23.981649412501334,3.910758466203797,6,1.5965604582447792,ORF1ab  (Ct<=30),2021-03-27
S-,12,East Midlands,19.529439696066344,4.198927304596673,2436,0.0850745604340148,ORF1ab  (Ct<=30),2021-03-27
S-,12,East Midlands,19.27300951268265,4.3670793210598715,2447,0.08828239276934452, N  (Ct<=30),2021-03-27
S+,12,East Midlands,23.555673409327998,1.4413820251249014,11,0.4345930324456289,MS2 control,2021-03-27
S-,12,East Midlands,24.687811391953165,1.7477761666477882,2545,0.034645107999988385,MS2 control,2021-03-27
S+,12,East of England,21.944487963815874,5.701956940084288,16,1.425489235021072,ORF1ab  (Ct<=30),2021-03-27
S-,12,East of England,19.453045237005387,4.273695550876156,1377,0.11516926907186044,ORF1ab  (Ct<=30),2021-03-27
S+,12,East of England,22.137316571016374,5.4759978455866545,16,1.3689994613966636, N  (Ct<=30),2021-03-27
S-,12,East of England,18.954906116741647,4.494379017988952,1381,0.12094080501688134, N  (Ct<=30),2021-03-27
S+,12,East of England,23.942315762178314,1.463794163140215,16,0.36594854078505373,MS2 control,2021-03-27
S-,12,East of England,24.38511192832672,1.680362568874554,1442,0.04425072276515985,MS2 control,2021-03-27
S+,12,London,21.47319662754908,3.8732997813111174,25,0.7746599562622235,ORF1ab  (Ct<=30),2021-03-27
S-,12,London,19.666298197674525,4.293462301873531,836,0.14849249871348263,ORF1ab  (Ct<=30),2021-03-27
S+,12,London,22.14752643044352,4.128223413744709,25,0.8256446827489418, N  (Ct<=30),2021-03-27
S-,12,London,19.39196308602806,4.558577562932337,844,0.15691271080422844, N  (Ct<=30),2021-03-27
S+,12,London,24.298956993196356,1.5798388727348536,31,0.283747437891183,MS2 control,2021-03-27
S-,12,London,24.05884411500837,1.8954037872265603,936,0.06195321087952498,MS2 control,2021-03-27
S-,12,North East,18.881268654365392,4.27796218715182,1019,0.13401390109482803,ORF1ab  (Ct<=30),2021-03-27
S-,12,North East,18.826078977310026,4.456982990450619,1028,0.1390094801835505, N  (Ct<=30),2021-03-27
S-,12,North East,21.81568950811162,1.0215472025096313,1126,0.03044312588770431,MS2 control,2021-03-27
S+,12,North West,19.389449753820855,5.0529761783955225,28,0.9549227391977213,ORF1ab  (Ct<=30),2021-03-27
S-,12,North West,19.570611380090064,4.184863597038942,3293,0.07292651190773326,ORF1ab  (Ct<=30),2021-03-27
S+,12,North West,19.488581021102963,4.427993246940866,26,0.8684009220080212, N  (Ct<=30),2021-03-27
S-,12,North West,19.424613332553836,4.265538746818339,3303,0.07421977004816978, N  (Ct<=30),2021-03-27
S+,12,North West,24.082802667353263,1.8127158333139701,42,0.27970812560967057,MS2 control,2021-03-27
S-,12,North West,24.7183651902469,1.6566212132108542,3523,0.027910453726333828,MS2 control,2021-03-27
S+,12,South East,23.631703693685818,3.616117813929491,11,1.090300544229484,ORF1ab  (Ct<=30),2021-03-27
S-,12,South East,19.771035217841025,4.407933856584911,930,0.14454184527875913,ORF1ab  (Ct<=30),2021-03-27
S+,12,South East,24.231521351000364,3.722759970131272,11,1.122454364134555, N  (Ct<=30),2021-03-27
S-,12,South East,19.414779197822423,4.606572555854317,933,0.15081241484696253, N  (Ct<=30),2021-03-27
S+,12,South East,23.501457906037047,1.80992857959079,21,0.3949587961161286,MS2 control,2021-03-27
S-,12,South East,24.285450294239546,1.600112155113928,997,0.05067606040565952,MS2 control,2021-03-27
S-,12,South West,20.832126938995263,4.664884743307143,190,0.338426309076987,ORF1ab  (Ct<=30),2021-03-27
S-,12,South West,20.42667168422164,4.666902208748034,186,0.34219387249984035, N  (Ct<=30),2021-03-27
S-,12,South West,24.377139010689277,1.5176660517225609,218,0.1027893152211314,MS2 control,2021-03-27
S+,12,West Midlands,19.13030999267631,4.1813438845330815,45,0.6233179442079334,ORF1ab  (Ct<=30),2021-03-27
S-,12,West Midlands,19.820033011161236,4.280809910136304,2298,0.08929989149407423,ORF1ab  (Ct<=30),2021-03-27
S+,12,West Midlands,19.522563941008,3.8859888946802563,44,0.5858348683246508, N  (Ct<=30),2021-03-27
S-,12,West Midlands,19.629646858479607,4.4430877845663055,2315,0.09234415173209289, N  (Ct<=30),2021-03-27
S+,12,West Midlands,23.55820054303183,1.5703534388824978,53,0.21570463396366307,MS2 control,2021-03-27
S-,12,West Midlands,24.25171808236761,1.8236336333292142,2498,0.03648727049493208,MS2 control,2021-03-27
S+,12,Yorkshire and Humber,21.2573786029296,5.544291047488574,20,1.2397411669227967,ORF1ab  (Ct<=30),2021-03-27
S-,12,Yorkshire and Humber,19.03024538787154,4.298368058633543,4736,0.06245939215850049,ORF1ab  (Ct<=30),2021-03-27
S+,12,Yorkshire and Humber,21.37104044966863,5.77352821989432,19,1.3245382135894535, N  (Ct<=30),2021-03-27
S-,12,Yorkshire and Humber,18.865443569633225,4.48864546933233,4766,0.06501870054333302, N  (Ct<=30),2021-03-27
S+,12,Yorkshire and Humber,22.969830708582208,2.0535661471766553,24,0.41918243446966563,MS2 control,2021-03-27
S-,12,Yorkshire and Humber,22.509331673389788,1.6939547205649643,5145,0.02361615050529801,MS2 control,2021-03-27
S+,13,East Midlands,22.67539766998582,3.986908624735831,11,1.2020981801527828,ORF1ab  (Ct<=30),2021-04-03
S-,13,East Midlands,19.346929905468254,4.040572499032003,1711,0.0976827547953824,ORF1ab  (Ct<=30),2021-04-03
S+,13,East Midlands,23.359962901748546,4.167717475121133,11,1.256614099744015, N  (Ct<=30),2021-04-03
S-,13,East Midlands,18.965020807567846,4.185527297050112,1712,0.10115754909887528, N  (Ct<=30),2021-04-03
S+,13,East Midlands,23.523504401187285,1.6020342593610153,14,0.42816166574307596,MS2 control,2021-04-03
S-,13,East Midlands,24.18299875914769,1.809700839736821,1809,0.04254881844413302,MS2 control,2021-04-03
S+,13,East of England,20.877714987402,4.3908917491197315,14,1.1735151819727567,ORF1ab  (Ct<=30),2021-04-03
S-,13,East of England,19.860673793686527,4.241597741338926,841,0.1462619910806526,ORF1ab  (Ct<=30),2021-04-03
S+,13,East of England,22.34835645119586,4.43756895884264,14,1.1859901910123078, N  (Ct<=30),2021-04-03
S-,13,East of England,19.431858072527877,4.4735203183036525,842,0.1541676911842359, N  (Ct<=30),2021-04-03
S+,13,East of England,23.278358776579125,1.1375672266031085,16,0.2843918066507771,MS2 control,2021-04-03
S-,13,East of England,24.497768193354208,1.8775620432509326,903,0.062481352489539274,MS2 control,2021-04-03
S+,13,London,23.249440196507194,5.3190587306457555,36,0.8865097884409593,ORF1ab  (Ct<=30),2021-04-03
S-,13,London,20.504995609720343,4.736387284993203,359,0.2499769600160079,ORF1ab  (Ct<=30),2021-04-03
S+,13,London,23.19995214321958,4.999955256525051,31,0.8980184739685426, N  (Ct<=30),2021-04-03
S-,13,London,20.171139624265372,4.7975706154222895,354,0.2549880013237989, N  (Ct<=30),2021-04-03
S+,13,London,23.983678232117786,1.8270087506827641,42,0.2819135706404069,MS2 control,2021-04-03
S-,13,London,23.94205771257088,1.5610061848125334,438,0.07458776065056019,MS2 control,2021-04-03
S-,13,North East,18.961676332182815,4.39747298234931,902,0.14641983432250213,ORF1ab  (Ct<=30),2021-04-03
S-,13,North East,18.904813330441996,4.536393476267596,906,0.15071157845457145, N  (Ct<=30),2021-04-03
S-,13,North East,21.86603144898933,1.0424799002048608,1014,0.03273774131550561,MS2 control,2021-04-03
S+,13,North West,20.259144275016265,4.679365989389783,30,0.854331435737088,ORF1ab  (Ct<=30),2021-04-03
S-,13,North West,19.497415343372207,4.256845520608755,2159,0.09161394165654298,ORF1ab  (Ct<=30),2021-04-03
S+,13,North West,20.762772664528516,4.465999108785869,29,0.8293152148044043, N  (Ct<=30),2021-04-03
S-,13,North West,19.298552812165802,4.3128918083583825,2159,0.09282014500855605, N  (Ct<=30),2021-04-03
S+,13,North West,24.13469896465086,1.8740406026232201,35,0.31677067776820156,MS2 control,2021-04-03
S-,13,North West,23.994518709162914,1.5359764720025049,2347,0.031705019048562835,MS2 control,2021-04-03
S+,13,South East,20.81632539864559,4.557044282090981,17,1.1052455832751833,ORF1ab  (Ct<=30),2021-04-03
S-,13,South East,19.90446308691393,4.182293627425923,492,0.18855235835565312,ORF1ab  (Ct<=30),2021-04-03
S+,13,South East,20.64110132392007,3.639285775982471,15,0.9396595468313097, N  (Ct<=30),2021-04-03
S-,13,South East,19.67621179522151,4.4853045087736305,495,0.20159944552806275, N  (Ct<=30),2021-04-03
S+,13,South East,23.56720164771939,1.6523255424782206,18,0.3894568652713636,MS2 control,2021-04-03
S-,13,South East,24.1987436942746,1.6837100801152698,555,0.07146951260656113,MS2 control,2021-04-03
S+,13,South West,20.348430241856445,5.221375909708027,9,1.7404586365693424,ORF1ab  (Ct<=30),2021-04-03
S-,13,South West,20.171992472627444,5.056678032614265,133,0.4384695934753442,ORF1ab  (Ct<=30),2021-04-03
S+,13,South West,18.763317268055715,2.6521679774524967,7,1.0024252719297808, N  (Ct<=30),2021-04-03
S-,13,South West,20.026221465622083,5.196783309917978,134,0.44893370160263335, N  (Ct<=30),2021-04-03
S+,13,South West,24.106372489842666,1.2974679048474758,9,0.4324893016158253,MS2 control,2021-04-03
S-,13,South West,24.265377971107757,1.9230043111668436,152,0.15597624609903424,MS2 control,2021-04-03
S+,13,West Midlands,19.07149052934413,3.858428219657375,39,0.6178429874031847,ORF1ab  (Ct<=30),2021-04-03
S-,13,West Midlands,19.68764242618308,4.385498715899674,1555,0.11121254812254093,ORF1ab  (Ct<=30),2021-04-03
S+,13,West Midlands,19.686927949653263,3.4380131238568397,38,0.5577193748182689, N  (Ct<=30),2021-04-03
S-,13,West Midlands,19.516804267171004,4.505415392583147,1555,0.1142535338895656, N  (Ct<=30),2021-04-03
S+,13,West Midlands,23.162388798674687,1.809194593440018,48,0.2611347463847525,MS2 control,2021-04-03
S-,13,West Midlands,23.922532920686013,1.738223303663458,1732,0.04176684053738089,MS2 control,2021-04-03
S+,13,Yorkshire and Humber,22.19015573370275,4.648517250457748,20,1.0394400566603939,ORF1ab  (Ct<=30),2021-04-03
S-,13,Yorkshire and Humber,18.92003034487682,4.2346648904544155,3276,0.07398558322103412,ORF1ab  (Ct<=30),2021-04-03
S+,13,Yorkshire and Humber,22.6549340705622,4.560247444849959,20,1.0197023280904232, N  (Ct<=30),2021-04-03
S-,13,Yorkshire and Humber,18.725245128978624,4.410431186439099,3292,0.07686898333213454, N  (Ct<=30),2021-04-03
S+,13,Yorkshire and Humber,22.6999867568035,1.3932014725173165,24,0.2843860597134656,MS2 control,2021-04-03
S-,13,Yorkshire and Humber,22.526415855127134,1.5030233149494996,3570,0.025155422118972533,MS2 control,2021-04-03
S+,14,East Midlands,21.782352054200707,5.472237415255118,24,1.1170157848951454,ORF1ab  (Ct<=30),2021-04-10
S-,14,East Midlands,20.06345068287916,4.205198577988599,949,0.13650652234642954,ORF1ab  (Ct<=30),2021-04-10
S+,14,East Midlands,21.7853964914955,5.310384371731411,22,1.132177752176775, N  (Ct<=30),2021-04-10
S-,14,East Midlands,19.657333828110016,4.454721189716398,951,0.14445423188131565, N  (Ct<=30),2021-04-10
S+,14,East Midlands,23.8835547062185,1.5598388710987199,26,0.305909570838189,MS2 control,2021-04-10
S-,14,East Midlands,24.426064229216113,1.9681438782979905,1009,0.06195997881623013,MS2 control,2021-04-10
S+,14,East of England,19.78627843908275,4.463645189936412,20,0.9981014072137777,ORF1ab  (Ct<=30),2021-04-10
S-,14,East of England,20.86381975424546,4.3133878044468394,467,0.1995997834616172,ORF1ab  (Ct<=30),2021-04-10
S+,14,East of England,21.0681945889866,4.553132496217308,20,1.0181113772105204, N  (Ct<=30),2021-04-10
S-,14,East of England,20.542272099280414,4.644514482676461,463,0.21584889312844813, N  (Ct<=30),2021-04-10
S+,14,East of England,24.377615349974498,1.2390540473014384,18,0.2920478397011615,MS2 control,2021-04-10
S-,14,East of England,24.401288661052575,1.910481041497929,526,0.08330093196365411,MS2 control,2021-04-10
S+,14,London,20.73505781149195,4.718131136548141,60,0.6091081105691207,ORF1ab  (Ct<=30),2021-04-10
S-,14,London,21.221948044680225,4.757487636417835,364,0.24936010750744078,ORF1ab  (Ct<=30),2021-04-10
S+,14,London,21.49387146268369,4.341505367743179,58,0.5700675830796947, N  (Ct<=30),2021-04-10
S-,14,London,20.83143048934394,4.8573643758801595,358,0.2567196843115925, N  (Ct<=30),2021-04-10
S+,14,London,24.107634266289196,1.7265175934210129,66,0.21251962477624184,MS2 control,2021-04-10
S-,14,London,24.00362081983558,1.7231950066328898,452,0.08105227515169854,MS2 control,2021-04-10
S-,14,North East,19.115480361553487,4.300092466881507,487,0.19485578947902213,ORF1ab  (Ct<=30),2021-04-10
S-,14,North East,19.03659740947336,4.487093631131948,489,0.20291338806576814, N  (Ct<=30),2021-04-10
S+,14,North East,21.7672224820675,1.5501245336030622,6,0.6328356908495432,MS2 control,2021-04-10
S-,14,North East,20.98133362335207,1.1224588851776283,546,0.0480368057323868,MS2 control,2021-04-10
S+,14,North West,20.922493170821678,4.535656750926986,31,0.8146280006400219,ORF1ab  (Ct<=30),2021-04-10
S-,14,North West,19.95827007032246,4.3185222718498775,1521,0.11073134030384302,ORF1ab  (Ct<=30),2021-04-10
S+,14,North West,21.562237642096065,4.513645938529982,31,0.8106747420316034, N  (Ct<=30),2021-04-10
S-,14,North West,19.848381868869495,4.478980930894067,1534,0.1143579953248917, N  (Ct<=30),2021-04-10
S+,14,North West,23.10571563386913,1.7764198859722822,38,0.2881733584273708,MS2 control,2021-04-10
S-,14,North West,23.829423946683093,1.6308241429740997,1657,0.04006322240613945,MS2 control,2021-04-10
S+,14,South East,21.305682500808896,4.537639167925122,29,0.8426184398132919,ORF1ab  (Ct<=30),2021-04-10
S-,14,South East,19.81382230637463,3.99158690482435,513,0.17623286704923197,ORF1ab  (Ct<=30),2021-04-10
S+,14,South East,21.52956042970059,4.238531373702692,27,0.8157057431919744, N  (Ct<=30),2021-04-10
S-,14,South East,19.514695099155905,4.165123083461758,509,0.18461583486813612, N  (Ct<=30),2021-04-10
S+,14,South East,23.93300401868471,1.5477341406634293,31,0.27798125779100613,MS2 control,2021-04-10
S-,14,South East,24.32799208526599,1.7928735581098987,579,0.07450928232525535,MS2 control,2021-04-10
S+,14,South West,19.451414180115624,6.377081047322026,8,2.2546386263688074,ORF1ab  (Ct<=30),2021-04-10
S-,14,South West,20.301587288391865,4.144167710259818,134,0.3580015635207259,ORF1ab  (Ct<=30),2021-04-10
S+,14,South West,17.621107412708334,3.606911853397281,6,1.4725155980032838, N  (Ct<=30),2021-04-10
S-,14,South West,20.14951631598059,4.279667656611176,135,0.36833514580794685, N  (Ct<=30),2021-04-10
S+,14,South West,24.43983919548191,2.1498993146925747,11,0.6482190330797708,MS2 control,2021-04-10
S-,14,South West,24.391582397673165,1.8230485287988323,146,0.1508765697641797,MS2 control,2021-04-10
S+,14,West Midlands,19.139585822712966,5.278281040189573,30,0.9636778635212205,ORF1ab  (Ct<=30),2021-04-10
S-,14,West Midlands,20.204412120287646,4.346608946275777,1047,0.1343313034080488,ORF1ab  (Ct<=30),2021-04-10
S+,14,West Midlands,19.633091235092966,5.183506849077369,29,0.9625530572824866, N  (Ct<=30),2021-04-10
S-,14,West Midlands,20.14270292927507,4.571490533160621,1061,0.14034603020708836, N  (Ct<=30),2021-04-10
S+,14,West Midlands,23.316891818835867,2.379622682817226,30,0.4344576739099853,MS2 control,2021-04-10
S-,14,West Midlands,23.62194576569456,1.9100483009056775,1182,0.055556593847714913,MS2 control,2021-04-10
S+,14,Yorkshire and Humber,22.5079970180894,4.0925710376606945,10,1.2941845965046537,ORF1ab  (Ct<=30),2021-04-10
S-,14,Yorkshire and Humber,19.434397193675984,4.349974986344579,2480,0.08734959973185873,ORF1ab  (Ct<=30),2021-04-10
S+,14,Yorkshire and Humber,22.8166267967229,4.06389668045129,10,1.2851169685823547, N  (Ct<=30),2021-04-10
S-,14,Yorkshire and Humber,19.232453627891996,4.4681915661844,2492,0.08950715752857345, N  (Ct<=30),2021-04-10
S+,14,Yorkshire and Humber,23.005856138655616,2.609828138843548,13,0.7238360903653204,MS2 control,2021-04-10
S-,14,Yorkshire and Humber,21.70300227712471,1.6938456048533497,2734,0.03239474505756944,MS2 control,2021-04-10
S+,15,East Midlands,21.97483697112,4.3208693058453616,34,0.7410229725381737,ORF1ab  (Ct<=30),2021-04-17
S-,15,East Midlands,19.729995108849,4.361799657882484,741,0.160234714209053,ORF1ab  (Ct<=30),2021-04-17
S+,15,East Midlands,22.756130586351734,4.2506685269027935,34,0.7289836382736213, N  (Ct<=30),2021-04-17
S-,15,East Midlands,19.50151894209463,4.589848932730182,742,0.16849865518624962, N  (Ct<=30),2021-04-17
S+,15,East Midlands,23.811346931176633,2.0823944773892284,38,0.3378089914769322,MS2 control,2021-04-17
S-,15,East Midlands,23.638670407234194,1.957750392974257,806,0.06895881643242124,MS2 control,2021-04-17
S+,15,East of England,20.742714903905625,5.415919869159529,24,1.1055200139368233,ORF1ab  (Ct<=30),2021-04-17
S-,15,East of England,19.465506839159048,4.224378798291634,435,0.20254346053537667,ORF1ab  (Ct<=30),2021-04-17
S+,15,East of England,20.52466049723691,5.243629018303063,22,1.1179454630052794, N  (Ct<=30),2021-04-17
S-,15,East of England,19.10098442424811,4.375959076151948,437,0.2093305108744711, N  (Ct<=30),2021-04-17
S+,15,East of England,23.258028341656498,1.8761009265561266,24,0.3829574980021041,MS2 control,2021-04-17
S-,15,East of England,23.851534354512278,1.8603228305418016,469,0.08590172688573315,MS2 control,2021-04-17
S+,15,London,19.8927826910871,4.429360729572656,80,0.49521758440962604,ORF1ab  (Ct<=30),2021-04-17
S-,15,London,21.03025724360538,4.526295834743914,282,0.2695369945504271,ORF1ab  (Ct<=30),2021-04-17
S+,15,London,20.522488054611753,4.310950239057342,77,0.49127837433178867, N  (Ct<=30),2021-04-17
S-,15,London,20.900951460416398,4.646839112634691,281,0.2772071808849923, N  (Ct<=30),2021-04-17
S+,15,London,23.684114706796887,1.7905208746131347,80,0.20018631953836732,MS2 control,2021-04-17
S-,15,London,23.38824015909486,1.6210222549970523,375,0.08370922929913568,MS2 control,2021-04-17
S-,15,North East,19.50459113373212,4.372492458435042,239,0.2828330250868811,ORF1ab  (Ct<=30),2021-04-17
S-,15,North East,19.497154000083185,4.51360494532114,242,0.2901455149485195, N  (Ct<=30),2021-04-17
S-,15,North East,20.82015940325909,1.0976851798969642,269,0.06692704662084095,MS2 control,2021-04-17
S+,15,North West,19.930902226786404,5.007250409894573,42,0.7726355123457905,ORF1ab  (Ct<=30),2021-04-17
S-,15,North West,19.73343178902694,4.276024355046173,1028,0.13336553541279575,ORF1ab  (Ct<=30),2021-04-17
S+,15,North West,20.554805334153635,4.932280376959037,41,0.7702927811590448, N  (Ct<=30),2021-04-17
S-,15,North West,19.656484041854586,4.415601277436308,1030,0.13758504745361239, N  (Ct<=30),2021-04-17
S+,15,North West,23.111313427644767,1.9997538091031188,43,0.3049595969054061,MS2 control,2021-04-17
S-,15,North West,23.771986796748727,1.8107127763800308,1134,0.053770371706891223,MS2 control,2021-04-17
S+,15,South East,20.325279979314864,4.811078746633362,52,0.6671765812031389,ORF1ab  (Ct<=30),2021-04-17
S-,15,South East,19.93423187372089,4.259482312205217,407,0.21113469953186415,ORF1ab  (Ct<=30),2021-04-17
S+,15,South East,21.000755831667327,4.957467440052019,52,0.6874770404442598, N  (Ct<=30),2021-04-17
S-,15,South East,19.583014043163217,4.346164357904517,404,0.21622975854400558, N  (Ct<=30),2021-04-17
S+,15,South East,23.794028594689898,2.1839973307354286,49,0.3119996186764898,MS2 control,2021-04-17
S-,15,South East,23.980437435473593,1.8230247705524627,460,0.08499896820406831,MS2 control,2021-04-17
S-,15,South West,19.97643347804849,4.566429764958155,61,0.5846714195379497,ORF1ab  (Ct<=30),2021-04-17
S-,15,South West,20.025975845271873,5.030970884719297,63,0.6338427530558982, N  (Ct<=30),2021-04-17
S-,15,South West,23.53963699674292,1.7871998868555476,77,0.20367032935465793,MS2 control,2021-04-17
S+,15,West Midlands,19.06496737226485,4.46420091574721,20,0.9982256712827572,ORF1ab  (Ct<=30),2021-04-17
S-,15,West Midlands,19.965857479003336,4.395385397966067,843,0.15138511453348744,ORF1ab  (Ct<=30),2021-04-17
S+,15,West Midlands,20.464505745052136,4.973061958679894,22,1.0602603720713886, N  (Ct<=30),2021-04-17
S-,15,West Midlands,19.829538942861618,4.540059684524539,846,0.15609046726338682, N  (Ct<=30),2021-04-17
S+,15,West Midlands,22.9751012317318,1.5620031790474613,20,0.3492745289420899,MS2 control,2021-04-17
S-,15,West Midlands,23.2762736936237,1.9635958712467343,951,0.06367395875662599,MS2 control,2021-04-17
S+,15,Yorkshire and Humber,21.55381192529058,5.343526900348802,12,1.5425433471691938,ORF1ab  (Ct<=30),2021-04-17
S-,15,Yorkshire and Humber,19.303271655031704,4.37293352088596,1835,0.10208333289300418,ORF1ab  (Ct<=30),2021-04-17
S+,15,Yorkshire and Humber,22.065902296876,5.284095709132614,12,1.5253870400457306, N  (Ct<=30),2021-04-17
S-,15,Yorkshire and Humber,19.103182166903782,4.467437754028698,1839,0.10417599219451826, N  (Ct<=30),2021-04-17
S+,15,Yorkshire and Humber,22.5631833645255,1.8064797136071262,14,0.4828020117482413,MS2 control,2021-04-17
S-,15,Yorkshire and Humber,21.52993099569742,1.912821427288176,2021,0.0425491874905651,MS2 control,2021-04-17
S+,16,East Midlands,19.39039946837867,4.846920436417845,73,0.5672891282467144,ORF1ab  (Ct<=30),2021-04-24
S-,16,East Midlands,19.288938098408664,4.1606876716100984,523,0.18193416906980656,ORF1ab  (Ct<=30),2021-04-24
S+,16,East Midlands,20.0031529097916,4.760987923909838,72,0.5610878076906515, N  (Ct<=30),2021-04-24
S-,16,East Midlands,19.147237327524298,4.427403357520372,528,0.19267799961188323, N  (Ct<=30),2021-04-24
S+,16,East Midlands,23.32342363373195,1.9650979586405612,76,0.22541219515453356,MS2 control,2021-04-24
S-,16,East Midlands,23.075532548856415,1.7576796168176807,579,0.07304667203909282,MS2 control,2021-04-24
S+,16,East of England,20.636594703377206,3.999572038036137,29,0.742701882166601,ORF1ab  (Ct<=30),2021-04-24
S-,16,East of England,19.34862835695147,4.359923032913687,361,0.2294696333112467,ORF1ab  (Ct<=30),2021-04-24
S+,16,East of England,21.893553806145402,4.181486645708729,30,0.7634315199204278, N  (Ct<=30),2021-04-24
S-,16,East of England,19.190032633192804,4.641865093619887,362,0.24397101283394942, N  (Ct<=30),2021-04-24
S+,16,East of England,22.786923281314646,1.767943776507445,31,0.3175320759459767,MS2 control,2021-04-24
S-,16,East of England,22.862395187196107,1.5234327305783375,407,0.07551375689623194,MS2 control,2021-04-24
S+,16,London,20.03425721147122,4.740622217954571,86,0.5111944404718765,ORF1ab  (Ct<=30),2021-04-24
S-,16,London,21.345901803787424,4.679853050444307,231,0.3079117246702477,ORF1ab  (Ct<=30),2021-04-24
S+,16,London,20.623103576140142,4.5725223510410355,84,0.4989030902505473, N  (Ct<=30),2021-04-24
S-,16,London,21.448662225151075,4.982539015885863,237,0.32365068843063494, N  (Ct<=30),2021-04-24
S+,16,London,23.4904227841306,1.8852645517755784,90,0.19872433251957547,MS2 control,2021-04-24
S-,16,London,23.111584205246917,1.8167712200675437,326,0.10062165158191716,MS2 control,2021-04-24
S-,16,North East,18.607997759521396,4.002576614405502,213,0.27425203064103554,ORF1ab  (Ct<=30),2021-04-24
S-,16,North East,18.453047491270464,4.234682692488069,215,0.28880296257304466, N  (Ct<=30),2021-04-24
S-,16,North East,21.544414839755813,1.4260547675433795,229,0.09423635156603244,MS2 control,2021-04-24
S+,16,North West,18.691452497141537,5.025187820158214,71,0.596380073394292,ORF1ab  (Ct<=30),2021-04-24
S-,16,North West,19.481139405342564,4.333364360914871,908,0.1438077471997857,ORF1ab  (Ct<=30),2021-04-24
S+,16,North West,19.49481595477044,4.895919423289544,70,0.5851742963711608, N  (Ct<=30),2021-04-24
S-,16,North West,19.473243466011894,4.4339633287885905,911,0.14690375890679655, N  (Ct<=30),2021-04-24
S+,16,North West,24.661044172657316,2.122486405551655,73,0.24841824381395733,MS2 control,2021-04-24
S-,16,North West,24.449436379020003,1.6885820476505542,988,0.053720951397724315,MS2 control,2021-04-24
S+,16,South East,19.155468185883024,4.741961253437074,42,0.7317005067957808,ORF1ab  (Ct<=30),2021-04-24
S-,16,South East,19.028879700173885,4.092554767889356,277,0.24589778428915812,ORF1ab  (Ct<=30),2021-04-24
S+,16,South East,20.073039102332785,4.837809017240743,42,0.7464901378370623, N  (Ct<=30),2021-04-24
S-,16,South East,19.039797084582396,4.2850232313077985,280,0.2560791178860795, N  (Ct<=30),2021-04-24
S+,16,South East,22.968721966246843,1.7446857923408785,45,0.26008240207015243,MS2 control,2021-04-24
S-,16,South East,22.84327050440481,1.4949287623179093,314,0.08436371069849646,MS2 control,2021-04-24
S+,16,South West,21.6768952071505,5.892682729983798,6,2.405677650761815,ORF1ab  (Ct<=30),2021-04-24
S-,16,South West,21.227897879275545,5.4603414683532225,33,0.9505234435286223,ORF1ab  (Ct<=30),2021-04-24
S-,16,South West,21.191868918615576,5.219655473971371,33,0.9086253898052633, N  (Ct<=30),2021-04-24
S+,16,South West,24.201107780615665,2.776503716116563,6,1.1335028955711497,MS2 control,2021-04-24
S-,16,South West,22.9080725235405,1.4039475271673643,40,0.22198359506049972,MS2 control,2021-04-24
S+,16,West Midlands,19.45981497180004,5.0250073296027145,49,0.7178581899432449,ORF1ab  (Ct<=30),2021-04-24
S-,16,West Midlands,19.94346630692759,4.5325672828911285,695,0.17193007686092324,ORF1ab  (Ct<=30),2021-04-24
S+,16,West Midlands,20.50184512964178,5.207525973427743,50,0.7364553858031668, N  (Ct<=30),2021-04-24
S-,16,West Midlands,19.794081912958003,4.603480223539412,697,0.17436924725454983, N  (Ct<=30),2021-04-24
S+,16,West Midlands,23.157328434025768,1.9720320688469073,52,0.27347164388795603,MS2 control,2021-04-24
S-,16,West Midlands,23.43569439783338,1.8765631643778233,784,0.06702011301349368,MS2 control,2021-04-24
S+,16,Yorkshire and Humber,19.52654748234179,6.011441507267843,19,1.379119265009808,ORF1ab  (Ct<=30),2021-04-24
S-,16,Yorkshire and Humber,18.89396440381803,4.193637988022416,1828,0.09808505545830408,ORF1ab  (Ct<=30),2021-04-24
S+,16,Yorkshire and Humber,19.320363926006223,5.791118068060179,18,1.364979618859097, N  (Ct<=30),2021-04-24
S-,16,Yorkshire and Humber,18.668349735881815,4.345654683038066,1837,0.10139128683125116, N  (Ct<=30),2021-04-24
S+,16,Yorkshire and Humber,22.778138631792896,2.1845293731781044,19,0.5011654093094531,MS2 control,2021-04-24
S-,16,Yorkshire and Humber,22.37042310369499,1.8984396748561017,1930,0.04321337107807573,MS2 control,2021-04-24
S+,17,East Midlands,20.13668571802018,5.1650658571531025,56,0.6902109577710995,ORF1ab  (Ct<=30),2021-05-01
S-,17,East Midlands,18.900407447339816,4.245895710666679,427,0.20547329487875512,ORF1ab  (Ct<=30),2021-05-01
S+,17,East Midlands,21.063230395942696,5.271825367577611,56,0.7044772974421077, N  (Ct<=30),2021-05-01
S-,17,East Midlands,18.733372843105958,4.413146391587899,431,0.2125737817787835, N  (Ct<=30),2021-05-01
S+,17,East Midlands,22.561276658813593,1.9891523672264555,59,0.2589655804641401,MS2 control,2021-05-01
S-,17,East Midlands,22.897070747317084,1.675022306801084,469,0.07734534370275487,MS2 control,2021-05-01
S+,17,East of England,18.821696700478626,4.5329309174019246,59,0.5901373396878634,ORF1ab  (Ct<=30),2021-05-01
S-,17,East of England,19.403075979344415,4.684124618044681,305,0.26821219540109686,ORF1ab  (Ct<=30),2021-05-01
S+,17,East of England,19.75391244144471,4.550427310927838,59,0.592415176107094, N  (Ct<=30),2021-05-01
S-,17,East of England,19.388965173792744,4.880901096502908,309,0.2776647620954542, N  (Ct<=30),2021-05-01
S+,17,East of England,22.95076243628413,1.9989715868127131,62,0.2538696453949869,MS2 control,2021-05-01
S-,17,East of England,22.781388821243716,1.5795698979553803,337,0.08604465513976438,MS2 control,2021-05-01
S+,17,London,18.81801649684779,5.097998998463679,124,0.45781382492563255,ORF1ab  (Ct<=30),2021-05-01
S-,17,London,20.315580522382614,4.62401809765648,132,0.40246911576838257,ORF1ab  (Ct<=30),2021-05-01
S+,17,London,19.34985406299525,4.8396881824572215,121,0.4399716529506565, N  (Ct<=30),2021-05-01
S-,17,London,20.30393200997541,4.668251499582468,130,0.4094327413850869, N  (Ct<=30),2021-05-01
S+,17,London,23.24354091954088,2.021052237943062,125,0.18076840760475066,MS2 control,2021-05-01
S-,17,London,22.838052540471274,1.6515347357675836,196,0.11796676684054168,MS2 control,2021-05-01
S+,17,North East,17.754440036,3.197674616362306,10,1.0111935003810013,ORF1ab  (Ct<=30),2021-05-01
S-,17,North East,18.77282337317517,4.1677445742969645,174,0.31595590079111185,ORF1ab  (Ct<=30),2021-05-01
S+,17,North East,18.576898961,3.4729667763391103,10,1.098248525132416, N  (Ct<=30),2021-05-01
S-,17,North East,18.54180252552926,4.210637178010074,174,0.3192075806870032, N  (Ct<=30),2021-05-01
S+,17,North East,21.101953308,0.744134496918564,10,0.23531598957662106,MS2 control,2021-05-01
S-,17,North East,21.318000012615027,1.1988625346654262,190,0.08697462960464573,MS2 control,2021-05-01
S+,17,North West,18.185158223110133,4.341621255771593,246,0.27681166096207754,ORF1ab  (Ct<=30),2021-05-01
S-,17,North West,19.460123675024537,4.281505397067827,944,0.13935113125069507,ORF1ab  (Ct<=30),2021-05-01
S+,17,North West,19.098328478102427,4.330277412761482,245,0.2766512758961882, N  (Ct<=30),2021-05-01
S-,17,North West,19.4916344452514,4.357875499866696,945,0.14176170060735116, N  (Ct<=30),2021-05-01
S+,17,North West,24.663467337115485,1.876719900373573,250,0.11869418830689553,MS2 control,2021-05-01
S-,17,North West,24.06456713876918,1.615152437515201,1032,0.05027749928653045,MS2 control,2021-05-01
S+,17,South East,19.300672789862055,4.468213298540253,36,0.7447022164233755,ORF1ab  (Ct<=30),2021-05-01
S-,17,South East,19.198199705894183,4.410685752736068,184,0.32516006768397043,ORF1ab  (Ct<=30),2021-05-01
S+,17,South East,19.662004763281,4.398289000496427,35,0.7434465324590379, N  (Ct<=30),2021-05-01
S-,17,South East,19.264585381282203,4.667127078353549,187,0.34129413322969726, N  (Ct<=30),2021-05-01
S+,17,South East,23.239538590000915,2.231500866016628,36,0.3719168110027713,MS2 control,2021-05-01
S-,17,South East,22.683813671933105,1.5508719928152142,216,0.1055234732991826,MS2 control,2021-05-01
S+,17,South West,20.220341486275288,5.090487888449294,14,1.3604901150071131,ORF1ab  (Ct<=30),2021-05-01
S-,17,South West,20.091346942736863,4.736003305729406,22,1.0097192974440485,ORF1ab  (Ct<=30),2021-05-01
S+,17,South West,21.074846374518,5.313111726657734,14,1.4199888384860115, N  (Ct<=30),2021-05-01
S-,17,South West,20.10889729726132,4.575658544670227,22,0.9755336795223623, N  (Ct<=30),2021-05-01
S+,17,South West,22.755342602063,1.6609354780453125,15,0.42885169637297,MS2 control,2021-05-01
S-,17,South West,22.55954099119908,1.4348704720550125,26,0.2814012514033308,MS2 control,2021-05-01
S+,17,West Midlands,19.424277072950986,4.795058933110148,64,0.5993823666387685,ORF1ab  (Ct<=30),2021-05-01
S-,17,West Midlands,19.7855819861873,4.499515039548607,540,0.1936282979353507,ORF1ab  (Ct<=30),2021-05-01
S+,17,West Midlands,20.107252600031128,4.532816808246059,63,0.571081238725363, N  (Ct<=30),2021-05-01
S-,17,West Midlands,19.788963154680154,4.648078940869027,547,0.1987375044790573, N  (Ct<=30),2021-05-01
S+,17,West Midlands,23.47390451779542,2.1156441170691553,64,0.2644555146336444,MS2 control,2021-05-01
S-,17,West Midlands,23.236266005147886,1.7975711805162136,622,0.07207603779002261,MS2 control,2021-05-01
S+,17,Yorkshire and Humber,18.820859992752876,5.256327549397682,24,1.072943368079855,ORF1ab  (Ct<=30),2021-05-01
S-,17,Yorkshire and Humber,19.09966167981723,4.4085323775413485,1028,0.1374983470853263,ORF1ab  (Ct<=30),2021-05-01
S+,17,Yorkshire and Humber,19.339019481350835,5.098292786137577,24,1.0406846571124555, N  (Ct<=30),2021-05-01
S-,17,Yorkshire and Humber,18.903615729507685,4.525483361209262,1028,0.14114594804800978, N  (Ct<=30),2021-05-01
S+,17,Yorkshire and Humber,22.92895349980028,2.0295435718058505,25,0.4059087143611701,MS2 control,2021-05-01
S-,17,Yorkshire and Humber,22.86161319191746,2.096937599435089,1096,0.06334031660767411,MS2 control,2021-05-01
S+,18,East Midlands,18.962097132510024,4.819690464437161,174,0.3653797911745708,ORF1ab  (Ct<=30),2021-05-08
S-,18,East Midlands,18.796530927749018,4.265299989680394,715,0.15951317547339153,ORF1ab  (Ct<=30),2021-05-08
S+,18,East Midlands,19.551895487419507,4.797954344943709,171,0.3669087390409038, N  (Ct<=30),2021-05-08
S-,18,East Midlands,18.70825590403663,4.336005990024892,713,0.1623847004722115, N  (Ct<=30),2021-05-08
S+,18,East Midlands,23.34534084618455,1.9879221824919204,180,0.1481709711343892,MS2 control,2021-05-08
S-,18,East Midlands,23.455619335684524,1.7957758271554252,748,0.06566006711564254,MS2 control,2021-05-08
S+,18,East of England,18.30045588424922,4.939128359151924,155,0.3967203366001309,ORF1ab  (Ct<=30),2021-05-08
S-,18,East of England,19.38908777351287,4.477742731713742,319,0.25070546214735334,ORF1ab  (Ct<=30),2021-05-08
S+,18,East of England,18.59747185296731,4.480158735562933,148,0.36826677954689807, N  (Ct<=30),2021-05-08
S-,18,East of England,19.390062197691435,4.690336082094795,323,0.26097728073899573, N  (Ct<=30),2021-05-08
S+,18,East of England,23.61204385669243,2.1617940241599625,155,0.17363947453111975,MS2 control,2021-05-08
S-,18,East of England,23.068523526687144,1.7592947820738218,365,0.09208569758255751,MS2 control,2021-05-08
S+,18,London,19.971913972958447,4.996484519442386,185,0.3673488477759394,ORF1ab  (Ct<=30),2021-05-08
S-,18,London,19.711875149048808,4.557767922275714,168,0.351639429378453,ORF1ab  (Ct<=30),2021-05-08
S+,18,London,20.784562364568778,4.970314823234465,184,0.3664164701216856, N  (Ct<=30),2021-05-08
S-,18,London,19.872008632378733,4.77391766673663,172,0.36400780953145, N  (Ct<=30),2021-05-08
S+,18,London,23.15114224118562,1.787888413767999,196,0.12770631526914278,MS2 control,2021-05-08
S-,18,London,23.207864655283124,1.7145508016035043,212,0.11775583251346709,MS2 control,2021-05-08
S+,18,North East,18.922283623679498,3.3317603089634633,8,1.1779551538781257,ORF1ab  (Ct<=30),2021-05-08
S-,18,North East,18.887028875733442,4.417001080030233,68,0.5356400588656451,ORF1ab  (Ct<=30),2021-05-08
S+,18,North East,20.33579705957625,3.5666319526978696,8,1.2609948198746406, N  (Ct<=30),2021-05-08
S-,18,North East,18.825843449272465,4.718322250435078,69,0.5680192492521932, N  (Ct<=30),2021-05-08
S+,18,North East,22.224852117909,1.1776362957491902,9,0.39254543191639674,MS2 control,2021-05-08
S-,18,North East,21.55231942395693,1.2400926250999167,74,0.14415783949148964,MS2 control,2021-05-08
S+,18,North West,18.198461932150956,4.185942730092149,763,0.1515413016539092,ORF1ab  (Ct<=30),2021-05-08
S-,18,North West,19.180594441596583,4.076099305366192,806,0.14357447444157556,ORF1ab  (Ct<=30),2021-05-08
S+,18,North West,18.98491100484453,4.147601262550518,755,0.1509466649946074, N  (Ct<=30),2021-05-08
S-,18,North West,19.222289636663884,4.202507173665805,807,0.1479352588928125, N  (Ct<=30),2021-05-08
S+,18,North West,24.27120456915503,2.0211951760565268,763,0.07317217831823165,MS2 control,2021-05-08
S-,18,North West,24.280649105958947,1.679345973506881,858,0.05733192623158565,MS2 control,2021-05-08
S+,18,South East,18.072928631741807,4.921776153043767,83,0.5402351172737541,ORF1ab  (Ct<=30),2021-05-08
S-,18,South East,19.35026919015603,4.326576043011079,188,0.31554798886440266,ORF1ab  (Ct<=30),2021-05-08
S+,18,South East,18.69561937533395,4.754726471679974,81,0.5283029412977749, N  (Ct<=30),2021-05-08
S-,18,South East,19.23956994928877,4.315109177524098,187,0.31555203486212763, N  (Ct<=30),2021-05-08
S+,18,South East,23.369848175381506,2.143426901672118,85,0.23248728954027817,MS2 control,2021-05-08
S-,18,South East,23.203837305208154,1.8389478318548689,216,0.12512455143449627,MS2 control,2021-05-08
S+,18,South West,22.06065534086958,5.478681227536463,19,1.2568956744581479,ORF1ab  (Ct<=30),2021-05-08
S-,18,South West,16.661161777052666,2.7235826402471797,6,1.1118979568179657,ORF1ab  (Ct<=30),2021-05-08
S+,18,South West,22.31019508518953,5.02918855371662,17,1.2197573893012317, N  (Ct<=30),2021-05-08
S-,18,South West,16.1470272988205,3.491037967333534,6,1.4252102821083548, N  (Ct<=30),2021-05-08
S+,18,South West,22.728641917327,1.0054377291675238,21,0.21940450002260417,MS2 control,2021-05-08
S-,18,South West,22.601411229863537,1.8652934879303713,13,0.5173393318863095,MS2 control,2021-05-08
S+,18,West Midlands,19.29917335931976,5.005042990734853,88,0.5335393755076487,ORF1ab  (Ct<=30),2021-05-08
S-,18,West Midlands,19.28574091195296,4.40857593227245,504,0.1963735797873932,ORF1ab  (Ct<=30),2021-05-08
S+,18,West Midlands,19.95006506637928,4.832151248533006,85,0.524120391296628, N  (Ct<=30),2021-05-08
S-,18,West Midlands,19.25664115776517,4.538488265428883,507,0.20156134013533258, N  (Ct<=30),2021-05-08
S+,18,West Midlands,23.38661346043298,1.7963599796509222,94,0.18528038489409748,MS2 control,2021-05-08
S-,18,West Midlands,23.31181415498451,1.9662870001131787,552,0.08369073250961859,MS2 control,2021-05-08
S+,18,Yorkshire and Humber,19.91020273571003,4.837578666867682,34,0.8296378968833915,ORF1ab  (Ct<=30),2021-05-08
S-,18,Yorkshire and Humber,19.721133003209275,4.299610965558725,366,0.22474426544440315,ORF1ab  (Ct<=30),2021-05-08
S+,18,Yorkshire and Humber,20.453109141925697,4.44843177503465,33,0.774372576076876, N  (Ct<=30),2021-05-08
S-,18,Yorkshire and Humber,19.718016319637844,4.398547383927904,367,0.2296023044858847, N  (Ct<=30),2021-05-08
S+,18,Yorkshire and Humber,24.17294841803203,1.6436071912132635,35,0.27782032215125524,MS2 control,2021-05-08
S-,18,Yorkshire and Humber,24.128939850666534,1.6027878686732,397,0.08044161723442424,MS2 control,2021-05-08
S+,19,East Midlands,18.280809416616457,4.247724266722196,201,0.29961136889086804,ORF1ab  (Ct<=30),2021-05-15
S-,19,East Midlands,18.90460407067153,4.212331265447043,456,0.19726048484498312,ORF1ab  (Ct<=30),2021-05-15
S+,19,East Midlands,18.976852087253338,4.172623037393225,199,0.2957894046792852, N  (Ct<=30),2021-05-15
S-,19,East Midlands,18.690620171315537,4.247901033385968,453,0.1995838008830532, N  (Ct<=30),2021-05-15
S+,19,East Midlands,23.405419805263964,2.150541769904668,204,0.15056804051339268,MS2 control,2021-05-15
S-,19,East Midlands,23.013209780634845,1.8212778073140672,484,0.08278535487791215,MS2 control,2021-05-15
S+,19,East of England,18.347827219425366,4.768753747142098,282,0.2839751531239651,ORF1ab  (Ct<=30),2021-05-15
S-,19,East of England,19.09260111858145,4.390971088751151,272,0.26624172938168195,ORF1ab  (Ct<=30),2021-05-15
S+,19,East of England,19.0106232907641,4.739008082105174,279,0.2837169926312757, N  (Ct<=30),2021-05-15
S-,19,East of England,19.196270458686175,4.7910314290190055,279,0.2868315489429098, N  (Ct<=30),2021-05-15
S+,19,East of England,23.172493019092602,1.8878368906966043,286,0.1116301355074389,MS2 control,2021-05-15
S-,19,East of England,22.76561799927538,1.5708706420948968,313,0.0887908583750403,MS2 control,2021-05-15
S+,19,London,19.256749415299712,4.999523044917829,230,0.3296587872111065,ORF1ab  (Ct<=30),2021-05-15
S-,19,London,19.64494365035446,4.839801333528082,185,0.35582927084389554,ORF1ab  (Ct<=30),2021-05-15
S+,19,London,19.83561679418713,4.756588133546875,225,0.31710587556979164, N  (Ct<=30),2021-05-15
S-,19,London,19.66358267149971,4.969168414151344,187,0.36338158321124225, N  (Ct<=30),2021-05-15
S+,19,London,22.950562489505632,1.7973717729425307,240,0.116019849059162,MS2 control,2021-05-15
S-,19,London,22.795098222329187,1.540116627909495,224,0.10290337066626672,MS2 control,2021-05-15
S+,19,North East,17.458984973292836,3.645400316624846,6,1.4882284473185183,ORF1ab  (Ct<=30),2021-05-15
S-,19,North East,17.976239767674695,3.5115629869426015,23,0.7322114986468479,ORF1ab  (Ct<=30),2021-05-15
S+,19,North East,18.337236227588,3.875535156841909,6,1.5821806024133087, N  (Ct<=30),2021-05-15
S-,19,North East,18.486180672216832,4.470081727531325,24,0.9124516117492076, N  (Ct<=30),2021-05-15
S+,19,North East,22.31473916255,2.0232031539491846,6,0.8259692288608506,MS2 control,2021-05-15
S-,19,North East,20.933775973816335,1.528525142872578,27,0.294164800900198,MS2 control,2021-05-15
S+,19,North West,18.266461036714272,4.436167894462953,1198,0.12816798759815765,ORF1ab  (Ct<=30),2021-05-15
S-,19,North West,19.4527354754875,4.164964115225792,647,0.16374163537336117,ORF1ab  (Ct<=30),2021-05-15
S+,19,North West,19.038751670999066,4.311856829978047,1179,0.1255762268031141, N  (Ct<=30),2021-05-15
S-,19,North West,19.45994055520661,4.220732366612832,645,0.1661911746393905, N  (Ct<=30),2021-05-15
S+,19,North West,24.006952900794385,2.1159190624125137,1199,0.061106788481853754,MS2 control,2021-05-15
S-,19,North West,24.20470350517242,1.7875236133624792,706,0.06727433864923431,MS2 control,2021-05-15
S+,19,South East,19.01860014232504,5.449944676672228,100,0.5449944676672228,ORF1ab  (Ct<=30),2021-05-15
S-,19,South East,20.152529600163895,4.762463183768928,123,0.4294168439026026,ORF1ab  (Ct<=30),2021-05-15
S+,19,South East,19.428798994095278,5.089368189730393,97,0.5167470474395783, N  (Ct<=30),2021-05-15
S-,19,South East,20.063499324561082,4.930033479528939,124,0.4427300760464536, N  (Ct<=30),2021-05-15
S+,19,South East,23.12136047230579,1.9173359542984794,104,0.18801025855924983,MS2 control,2021-05-15
S-,19,South East,22.742346045084716,1.5405734184503657,141,0.12973968638919897,MS2 control,2021-05-15
S+,19,South West,21.235454974188563,4.1953172818253295,16,1.0488293204563324,ORF1ab  (Ct<=30),2021-05-15
S+,19,South West,21.993517669501625,4.165324033276645,16,1.0413310083191611, N  (Ct<=30),2021-05-15
S+,19,South West,22.432871648256352,1.1004494997632444,17,0.26689820724599844,MS2 control,2021-05-15
S-,19,South West,22.205500704047456,1.302631244485385,11,0.39275809801379397,MS2 control,2021-05-15
S+,19,West Midlands,17.54794029276749,4.59337059775179,151,0.3738031979309188,ORF1ab  (Ct<=30),2021-05-15
S-,19,West Midlands,19.110509862275247,4.296516634165531,356,0.22771492618137623,ORF1ab  (Ct<=30),2021-05-15
S+,19,West Midlands,18.237198390043762,4.36246470183127,148,0.3585923895682141, N  (Ct<=30),2021-05-15
S-,19,West Midlands,19.17329022043736,4.48883407071279,360,0.23658232836696239, N  (Ct<=30),2021-05-15
S+,19,West Midlands,24.166276902291216,2.137226088524205,153,0.1727844884080584,MS2 control,2021-05-15
S-,19,West Midlands,23.910825326429627,2.0034201242385308,399,0.10029645523567586,MS2 control,2021-05-15
S+,19,Yorkshire and Humber,19.06427966499832,4.130711910267393,28,0.7806311751585767,ORF1ab  (Ct<=30),2021-05-15
S-,19,Yorkshire and Humber,20.32479833619446,5.032402249761783,133,0.43636461614240524,ORF1ab  (Ct<=30),2021-05-15
S+,19,Yorkshire and Humber,20.180325287720553,4.408524362664164,29,0.818642422386694, N  (Ct<=30),2021-05-15
S-,19,Yorkshire and Humber,20.068788888277584,4.965507237165133,132,0.43219193023837993, N  (Ct<=30),2021-05-15
S+,19,Yorkshire and Humber,24.245363434684393,1.807438603428014,28,0.3415737896206015,MS2 control,2021-05-15
S-,19,Yorkshire and Humber,24.352838779026694,1.7091214174486475,150,0.13954917937371694,MS2 control,2021-05-15
